isbn13,title,edition,source_url
"9781937226411","The Story of My Heart","Torrey House Press, 2014","https://www.torreyhouse.org/product-page/the-story-of-my-heart"
"9781908213006","Wild Life in a Southern County","Little Toller Books, 2011","https://obnb.uk/p15835329-wild-life-in-a-southern-county"
"9781108025355","Wild Life in a Southern County","Cambridge University Press, 2011","https://www.cambridge.org/core/books/wild-life-in-a-southern-county/582F838F44626CD2A349FD8F96671860"
"9781108004091","The Amateur Poacher","Cambridge University Press, 2009","https://www.cambridge.org/core/books/the-amateur-poacher/8AB23ED4ABAE039DB13064926371BF08"
"9781108004107","The Gamekeeper at Home","Cambridge University Press, 2009","https://www.cambridge.org/core/books/gamekeeper-at-home/2A5D29401B9F71680E5BD9C98DC1D0C7"
"9780007479016","Nature Near London","Collins Nature Library, 2012","https://obnb.uk/p16043874-nature-near-london"
"9780486797496","After London","Dover Publications, 2015","https://books.google.com/books/about/After_London.html?id=6D_oCQAAQBAJ"
"9781845880545","The Open Air","Nonsuch, 2006","https://obnb.uk/p13769867-the-open-air"
"9781845880644","Wild Life in a Southern County","Nonsuch, 2005","https://obnb.uk/p13769869-wildlife-in-a-southern-county"
